{
    "AWSTemplateFormatVersion": "2010-09-09",
    "Description": "AWS Ubuntu 16 LTS w Apache v1.na",
    
    "Parameters" : {
        "VMname": {
        "Description" : "Enter the name of your Instance",
        "Type": "String",
        "MinLength": "3",
        "MaxLength": "30"
        },
        "KeyName" : {
        "Description" : "Please enter or select the SSH key you created to connect to Linux Instances ",
        "Type" : "String",
        "Default" : "StudentLabKey"
        },
        "MySecurityGroup" : {
        "Description" : "Please enter the name of your Security Group",
        "Type" : "String",
        "Default" : "sg-07735b313d7bfce3b"
        },
        "PublicSubnet" : {
        "Description" : "Please enter the details for the subnet the instance will be launched in",
        "Type" : "String",
        "Default" : "subnet-0dcbcb658d6b5480e"
        },
        "WorkloadConfigProvider" : {
            "Description" : "Please select the name of the Ansible Tower Server",
            "Type" : "String"
            },
        "Credentials" : {
            "Description" : "Please select the credentials that will be used to provision the server",
            "Type" : "String"
            },
        "HostGroup" : {
            "Description" : "Please select the applications host group",
            "Type" : "String"
            },
        "Inventory" : {
            "Description" : "Please select the inventory for the application",
            "Type" : "String"
            },
        "ConfigScript" : {
            "Description" : "Please select the configuration script for the application",
            "Type" : "String"
        }
    },
    
    
    
    "Resources": {
        "MyEC2Instance": {
            "Type": "AWS::EC2::Instance",
            "Properties": {
                "ImageId": "ami-0f9cf087c1f27d9b1",
                "InstanceType": "t1.micro",
                "KeyName" : { "Ref" : "KeyName" },
                "NetworkInterfaces": [ {
                "AssociatePublicIpAddress": "true",
                "DeviceIndex": "0",
                "GroupSet": [{ "Ref" : "MySecurityGroup" }],
                "SubnetId": { "Ref" : "PublicSubnet" }} ],
                "Tags" : [{ "Key" : "Name", "Value" : {"Ref" : "VMname"}}]
            }
            
        }
    }

}