{
    "AWSTemplateFormatVersion": "2010-09-09",
    "Description": "CMA RDS Storage example",

    "Parameters": {
        "DBInstanceID": {
            "Default": "mydbinstance",
            "Description": "My database instance",
            "Type": "String",
            "MinLength": "1",
            "MaxLength": "63",
            "AllowedPattern": "[a-zA-Z][a-zA-Z0-9]*",

            "ConstraintDescription": "Must begin with a letter and must not end with a hyphen or contain two consecutive hyphens."
        },
        "DBName": {
            "Default": "mydb",
            "Description": "My database",
            "Type": "String",
            "MinLength": "1",
            "MaxLength": "64",
            "AllowedPattern": "[a-zA-Z][a-zA-Z0-9]*",
            "ConstraintDescription": "Must begin with a letter and contain only alphanumeric characters."
        }
    },

    "Resources": {
        "CMARDBSmall": {
            "Type": "AWS::RDS::DBInstance",
            "Properties": {
                "AvailabilityZone": "us-east-1a",
                "DBInstanceClass": "db.t2.micro",
                "DBInstanceIdentifier": {"Ref": "DBInstanceID"},
                "DBName": {"Ref": "DBName"},
                "Engine": "MySQL",
                "EngineVersion": "8.0.16",
                "AllocatedStorage" : "20",
                "MasterUsername" : "EFCodd",
                "MasterUserPassword" : "c12rundone!",
                "Tags" : [{ "Key" : "CMA", "Value" :"Delete"}]
            }
        }
    },

    "Outputs": {
        "InstanceId": {
            "Description": "InstanceId of the newly created RDS Instance",
            "Value": { "Ref": "DBInstanceID"}
        }
    }

}